{
  "train_loss": [
    2.2272694794235717,
    2.1298042983765813,
    2.1005304748085654,
    2.078031028911566,
    2.0548505319911206,
    2.0386338697117603,
    2.0271811485290527,
    2.013475574505557,
    1.9981437557062525,
    1.9868870381337063,
    1.9655277501245974,
    1.94181232391649,
    1.9011526267240002,
    1.8236301271778763,
    1.6955946934450963,
    1.564682145786893,
    1.291540634859899,
    0.733554266820288,
    0.4309286774153922,
    0.2634873388774076,
    0.20769264624946437,
    0.17076534020957673,
    0.15362773574651425,
    0.13077637247124296,
    0.14293943440458576,
    0.1323120477876276,
    0.09796453403771684,
    0.10506576739227885,
    0.06456502126292533,
    0.05726698263560179,
    0.04135963721734703,
    0.03785917343969226,
    0.04178618858004831,
    0.03366029362051872,
    0.040482643991708755,
    0.026451555005820457,
    0.021890615194644424,
    0.020350415478341852,
    0.015639632183592767,
    0.019735859494929196,
    0.021869129332592177,
    0.015158984772297464,
    0.010706194666077851,
    0.019907958838928513,
    0.010587689650295433,
    0.014985801359552558,
    0.014673914239448228,
    0.016536393144262872,
    0.014816891916606362,
    0.012733428526757238
  ],
  "train_acc": [
    0.14091554284095764,
    0.1620180606842041,
    0.1716466248035431,
    0.175188809633255,
    0.186717689037323,
    0.1931764930486679,
    0.193966343998909,
    0.20805178582668304,
    0.20991457998752594,
    0.214509055018425,
    0.22185266017913818,
    0.23257499933242798,
    0.2523595988750458,
    0.28741949796676636,
    0.344919353723526,
    0.4165176451206207,
    0.5419068336486816,
    0.7281002998352051,
    0.847632646560669,
    0.924605131149292,
    0.9449551105499268,
    0.9550974369049072,
    0.9631842374801636,
    0.9700385332107544,
    0.9660263657569885,
    0.9699711203575134,
    0.9793906211853027,
    0.9771221280097961,
    0.9864861369132996,
    0.9887461066246033,
    0.9922270774841309,
    0.9927321672439575,
    0.9916751384735107,
    0.9936068654060364,
    0.992124617099762,
    0.9950832724571228,
    0.9957963228225708,
    0.9964461326599121,
    0.9974796772003174,
    0.9963670372962952,
    0.9957841038703918,
    0.997381329536438,
    0.9978920221328735,
    0.9968067407608032,
    0.9979787468910217,
    0.9972391128540039,
    0.997311532497406,
    0.9972605109214783,
    0.9974613785743713,
    0.997749388217926
  ],
  "val_loss": [
    2.1208163872361183,
    2.0910925939679146,
    2.068692807108164,
    2.051514059305191,
    2.046661738306284,
    2.020881161093712,
    2.0044873729348183,
    2.0031024254858494,
    1.991317294538021,
    1.9862931109964848,
    1.9527389667928219,
    1.9364283718168736,
    1.835464634001255,
    1.6869149282574654,
    1.6096597500145435,
    1.3735994286835194,
    0.8115371391177177,
    0.3307365523651242,
    0.10617371345870197,
    0.12969229376176372,
    0.07159788883291185,
    0.013717014458961785,
    0.02329364645993337,
    0.010766507679363713,
    0.015830549229576718,
    0.02465770380513277,
    0.01392008071343298,
    0.031448955662199296,
    0.0032356755145883653,
    0.0015063144783198368,
    0.000680795346852392,
    0.0009936090773408068,
    0.0017351210371998604,
    0.00305045198820153,
    0.005353090864446131,
    0.0010070933631141088,
    0.001056801419963449,
    0.00034893145129899494,
    0.0004972703145540436,
    0.001266911610855459,
    0.0004106366845917364,
    0.0023445186750450375,
    0.000274342587317733,
    0.0012646718514588429,
    0.0009198216464483266,
    0.0005562764156366029,
    0.00021812879776916816,
    0.00027953477365372237,
    0.00021514606328310037,
    0.00014604150169361674
  ],
  "val_acc": [
    0.15653559565544128,
    0.17994341254234314,
    0.17840687930583954,
    0.1829066425561905,
    0.1863499879837036,
    0.19581763446331024,
    0.20823553204536438,
    0.19811788201332092,
    0.20933720469474792,
    0.21601898968219757,
    0.22554324567317963,
    0.23679880797863007,
    0.2837657034397125,
    0.33623427152633667,
    0.37379899621009827,
    0.5158882141113281,
    0.7049617767333984,
    0.866553783416748,
    0.9670265316963196,
    0.9677318334579468,
    0.981974184513092,
    0.9976147413253784,
    0.9974910020828247,
    0.9983546733856201,
    0.9974417686462402,
    0.9947208166122437,
    0.9961792826652527,
    0.9950896501541138,
    0.9994417428970337,
    1.0,
    1.0,
    0.9998183250427246,
    1.0,
    0.9994548559188843,
    0.9987238049507141,
    0.9998193383216858,
    0.9998193383216858,
    1.0,
    0.9998193383216858,
    0.9998193383216858,
    1.0,
    0.99945467710495,
    1.0,
    0.9996417760848999,
    0.9996344447135925,
    0.9998193383216858,
    1.0,
    1.0,
    1.0,
    1.0
  ],
  "test_loss": 0.001286545988477883,
  "test_acc": 1.0
}