{
  "train_loss": [
    0.7177279458683767,
    0.6932457848718971,
    0.6930277795548652,
    0.6929793821018972,
    0.6930522056901531,
    0.6930410926509055,
    0.6929869735316866,
    0.6930155830018839,
    0.6930075568757998,
    0.6929967817227551,
    0.6929959518134974,
    0.693047200798229,
    0.6930424111663915,
    0.6930076149618549,
    0.6931017865041259,
    0.6929884670646327,
    0.6930251774514556,
    0.6930134353364349,
    0.6930214329889626,
    0.6930368147837888,
    0.6930537398453731,
    0.6929977061642203,
    0.6930618540496584,
    0.693057885595188,
    0.69304655198079,
    0.6930088681779849,
    0.6930052277388846,
    0.6930133761114375,
    0.6930751618306348,
    0.6930747791460365
  ],
  "train_acc": [
    0.5019,
    0.51,
    0.5093,
    0.5093,
    0.5093,
    0.5093,
    0.5093,
    0.5093,
    0.5093,
    0.5093,
    0.5093,
    0.5093,
    0.5093,
    0.5093,
    0.5093,
    0.5093,
    0.5093,
    0.5093,
    0.5093,
    0.5093,
    0.5093,
    0.5093,
    0.5093,
    0.5093,
    0.5093,
    0.5093,
    0.5093,
    0.5093,
    0.5093,
    0.5093
  ],
  "val_loss": [
    1.3902041278779507,
    1.3876819014549255,
    1.3871752992272377,
    1.3870671577751637,
    1.3870452381670475,
    1.3873511888086796,
    1.3871027380228043,
    1.3872150257229805,
    1.3871984258294106,
    1.386976182460785,
    1.3872585147619247,
    1.3875831179320812,
    1.3874452784657478,
    1.3874325267970562,
    1.3875649087131023,
    1.387468695640564,
    1.3872590474784374,
    1.3873239047825336,
    1.3872945792973042,
    1.387252289801836,
    1.3872467577457428,
    1.3871975056827068,
    1.3872892670333385,
    1.387131366878748,
    1.3870229572057724,
    1.387328002601862,
    1.3871578089892864,
    1.38738115131855,
    1.3872115015983582,
    1.3873779065907001
  ],
  "val_acc": [
    0.494,
    0.494,
    0.494,
    0.494,
    0.494,
    0.494,
    0.494,
    0.494,
    0.494,
    0.494,
    0.494,
    0.494,
    0.494,
    0.494,
    0.494,
    0.494,
    0.494,
    0.494,
    0.494,
    0.494,
    0.494,
    0.494,
    0.494,
    0.494,
    0.494,
    0.494,
    0.494,
    0.494,
    0.494,
    0.494
  ],
  "test_loss": 1.3906290903687477,
  "test_acc": 0.49
}