{
  "train_loss": [
    0.7239766800479525,
    0.6937098377829145,
    0.6935399588505933,
    0.693132730046655,
    0.6933598746160033,
    0.6931649351575572,
    0.6930869882273826,
    0.6930246740389782,
    0.6929797674440275,
    0.6930125139321491,
    0.6930302628286326,
    0.6930435713689038,
    0.6930178988511395,
    0.6930511020551062,
    0.6930118761244853,
    0.6930497041933096,
    0.6929665067393309,
    0.693021156985289,
    0.692999836365888,
    0.693011360183643,
    0.6930552432491521,
    0.6930009240557433,
    0.6930244644736029,
    0.6930090925496095,
    0.6930020751467176,
    0.6930684724431129,
    0.6930283300436226,
    0.6929807495919003,
    0.6930384313224986,
    0.6929989024332375
  ],
  "train_acc": [
    0.5036,
    0.4993,
    0.4988,
    0.5081,
    0.4987,
    0.5048,
    0.5093,
    0.5093,
    0.5093,
    0.5093,
    0.5093,
    0.5093,
    0.5093,
    0.5093,
    0.5093,
    0.5093,
    0.5093,
    0.5093,
    0.5093,
    0.5093,
    0.5093,
    0.5093,
    0.5093,
    0.5093,
    0.5093,
    0.5093,
    0.5093,
    0.5093,
    0.5093,
    0.5093
  ],
  "val_loss": [
    1.3875955529510975,
    1.392578475177288,
    1.3871422596275806,
    1.3861050195991993,
    1.3862366378307343,
    1.3867369815707207,
    1.3867922760546207,
    1.387093435972929,
    1.3872979581356049,
    1.3875386454164982,
    1.3869652040302753,
    1.3872585780918598,
    1.3872783929109573,
    1.3869628123939037,
    1.3869839496910572,
    1.3870086930692196,
    1.3871695213019848,
    1.387172233313322,
    1.3872822187840939,
    1.387086872011423,
    1.3873090706765652,
    1.3871308751404285,
    1.3872389681637287,
    1.3870762288570404,
    1.387286189943552,
    1.387330662459135,
    1.3868973329663277,
    1.3873759098351002,
    1.3873142711818218,
    1.3874511010944843
  ],
  "val_acc": [
    0.506,
    0.494,
    0.494,
    0.506,
    0.506,
    0.494,
    0.494,
    0.494,
    0.494,
    0.494,
    0.494,
    0.494,
    0.494,
    0.494,
    0.494,
    0.494,
    0.494,
    0.494,
    0.494,
    0.494,
    0.494,
    0.494,
    0.494,
    0.494,
    0.494,
    0.494,
    0.494,
    0.494,
    0.494,
    0.494
  ],
  "test_loss": 1.387030128389597,
  "test_acc": 0.51
}