{
  "train_loss": [
    0.7286447225862248,
    0.693407641094961,
    0.6933964471908132,
    0.6931108259091712,
    0.6932010377288624,
    0.6930507015270791,
    0.693014273597936,
    0.6930210533415436,
    0.6929792397341151,
    0.69301330663596,
    0.6930301610831242,
    0.6930440425113508,
    0.6930180617198822,
    0.6931292107150813,
    0.69312281099854,
    0.6930487004055339,
    0.6929650249754548,
    0.6930216998810981,
    0.6929998283932923,
    0.6930113970094426,
    0.6930552565368118,
    0.6930009612611904,
    0.6930245054755241,
    0.6930091130505701,
    0.6930020766653073,
    0.6930684758599397,
    0.693028402935927,
    0.6929807518697848,
    0.6930384411933316,
    0.6929988982571158
  ],
  "train_acc": [
    0.4993,
    0.4991,
    0.5038,
    0.5054,
    0.5082,
    0.5093,
    0.5093,
    0.5093,
    0.5093,
    0.5093,
    0.5093,
    0.5093,
    0.5093,
    0.5064,
    0.5093,
    0.5093,
    0.5093,
    0.5093,
    0.5093,
    0.5093,
    0.5093,
    0.5093,
    0.5093,
    0.5093,
    0.5093,
    0.5093,
    0.5093,
    0.5093,
    0.5093,
    0.5093
  ],
  "val_loss": [
    1.385987263172865,
    1.3904136754572392,
    1.3869421444833279,
    1.3862230107188225,
    1.3866304084658623,
    1.386905837804079,
    1.387045968323946,
    1.3871687352657318,
    1.3873192444443703,
    1.3875478319823742,
    1.386962577700615,
    1.3872590996325016,
    1.3872786723077297,
    1.3870472200214863,
    1.3870055489242077,
    1.3870144709944725,
    1.387170821428299,
    1.3871723003685474,
    1.387282308191061,
    1.3870866745710373,
    1.3873090371489525,
    1.3871308751404285,
    1.3872390016913414,
    1.3870760686695576,
    1.387285951524973,
    1.387330535799265,
    1.386897325515747,
    1.387375932186842,
    1.387314137071371,
    1.3874511197209358
  ],
  "val_acc": [
    0.506,
    0.494,
    0.494,
    0.506,
    0.494,
    0.494,
    0.494,
    0.494,
    0.494,
    0.494,
    0.494,
    0.494,
    0.494,
    0.494,
    0.494,
    0.494,
    0.494,
    0.494,
    0.494,
    0.494,
    0.494,
    0.494,
    0.494,
    0.494,
    0.494,
    0.494,
    0.494,
    0.494,
    0.494,
    0.494
  ],
  "test_loss": 1.3858299180865288,
  "test_acc": 0.51
}